id,name,brand,releaseDate,retailPriceCents,imageUrl,quantity,sizes
1,Yeezy Slides 'Onyx',adidas,2022-03-07T23:59:59.999Z,6000,https://image.goat.com/attachments/product_template_pictures/images/072/273/668/original/884794_00.png.png,90,"{""36"": 7, ""37"": 6, ""38"": 10, ""39"": 14, ""40"": 1, ""41"": 7, ""42"": 1, ""43"": 13, ""44"": 20, ""45"": 11}"
2,Yeezy Slides 'Onyx',adidas,2022-03-07T23:59:59.999Z,6000,https://image.goat.com/attachments/product_template_pictures/images/072/273/668/original/884794_00.png.png,70,"{""36"": 2, ""37"": 0, ""38"": 11, ""39"": 15, ""40"": 6, ""41"": 5, ""42"": 4, ""43"": 14, ""44"": 1, ""45"": 12}"
3,Yeezy Slides 'Onyx',adidas,2022-03-07T23:59:59.999Z,6000,https://image.goat.com/attachments/product_template_pictures/images/072/273/668/original/884794_00.png.png,114,"{""36"": 4, ""37"": 20, ""38"": 20, ""39"": 14, ""40"": 9, ""41"": 14, ""42"": 3, ""43"": 1, ""44"": 12, ""45"": 17}"
4,Yeezy Slides 'Onyx',adidas,2022-03-07T23:59:59.999Z,6000,https://image.goat.com/attachments/product_template_pictures/images/072/273/668/original/884794_00.png.png,116,"{""36"": 5, ""37"": 7, ""38"": 1, ""39"": 16, ""40"": 17, ""41"": 4, ""42"": 19, ""43"": 19, ""44"": 18, ""45"": 10}"
5,Yeezy Slides 'Onyx',adidas,2022-03-07T23:59:59.999Z,6000,https://image.goat.com/attachments/product_template_pictures/images/072/273/668/original/884794_00.png.png,83,"{""36"": 12, ""37"": 20, ""38"": 7, ""39"": 0, ""40"": 16, ""41"": 13, ""42"": 5, ""43"": 3, ""44"": 3, ""45"": 4}"
6,Yeezy Slides 'Onyx',adidas,2022-03-07T23:59:59.999Z,6000,https://image.goat.com/attachments/product_template_pictures/images/072/273/668/original/884794_00.png.png,136,"{""36"": 15, ""37"": 18, ""38"": 16, ""39"": 0, ""40"": 16, ""41"": 17, ""42"": 12, ""43"": 19, ""44"": 17, ""45"": 6}"
7,Yeezy Slides 'Onyx',adidas,2022-03-07T23:59:59.999Z,6000,https://image.goat.com/attachments/product_template_pictures/images/072/273/668/original/884794_00.png.png,103,"{""36"": 11, ""37"": 17, ""38"": 11, ""39"": 20, ""40"": 2, ""41"": 4, ""42"": 7, ""43"": 12, ""44"": 8, ""45"": 11}"
8,Yeezy Slides 'Onyx',adidas,2022-03-07T23:59:59.999Z,6000,https://image.goat.com/attachments/product_template_pictures/images/072/273/668/original/884794_00.png.png,98,"{""36"": 4, ""37"": 15, ""38"": 14, ""39"": 7, ""40"": 9, ""41"": 6, ""42"": 2, ""43"": 12, ""44"": 12, ""45"": 17}"
9,Yeezy Slides 'Onyx',adidas,2022-03-07T23:59:59.999Z,6000,https://image.goat.com/attachments/product_template_pictures/images/072/273/668/original/884794_00.png.png,99,"{""36"": 16, ""37"": 12, ""38"": 11, ""39"": 15, ""40"": 4, ""41"": 4, ""42"": 18, ""43"": 0, ""44"": 8, ""45"": 11}"
10,Yeezy Slides 'Onyx',adidas,2022-03-07T23:59:59.999Z,6000,https://image.goat.com/attachments/product_template_pictures/images/072/273/668/original/884794_00.png.png,70,"{""36"": 14, ""37"": 0, ""38"": 4, ""39"": 17, ""40"": 8, ""41"": 2, ""42"": 1, ""43"": 9, ""44"": 12, ""45"": 3}"
11,Yeezy Slides 'Onyx',adidas,2022-03-07T23:59:59.999Z,6000,https://image.goat.com/attachments/product_template_pictures/images/072/273/668/original/884794_00.png.png,133,"{""36"": 14, ""37"": 2, ""38"": 11, ""39"": 16, ""40"": 17, ""41"": 19, ""42"": 13, ""43"": 16, ""44"": 7, ""45"": 18}"
12,Yeezy Slides 'Onyx',adidas,2022-03-07T23:59:59.999Z,6000,https://image.goat.com/attachments/product_template_pictures/images/072/273/668/original/884794_00.png.png,78,"{""36"": 13, ""37"": 0, ""38"": 14, ""39"": 14, ""40"": 10, ""41"": 7, ""42"": 2, ""43"": 3, ""44"": 6, ""45"": 9}"
13,Yeezy Slides 'Onyx',adidas,2022-03-07T23:59:59.999Z,6000,https://image.goat.com/attachments/product_template_pictures/images/072/273/668/original/884794_00.png.png,73,"{""36"": 2, ""37"": 6, ""38"": 7, ""39"": 8, ""40"": 3, ""41"": 7, ""42"": 0, ""43"": 19, ""44"": 20, ""45"": 1}"
14,Yeezy Slides 'Onyx',adidas,2022-03-07T23:59:59.999Z,6000,https://image.goat.com/attachments/product_template_pictures/images/072/273/668/original/884794_00.png.png,108,"{""36"": 7, ""37"": 12, ""38"": 4, ""39"": 13, ""40"": 18, ""41"": 6, ""42"": 20, ""43"": 3, ""44"": 20, ""45"": 5}"
15,Yeezy Slides 'Onyx',adidas,2022-03-07T23:59:59.999Z,6000,https://image.goat.com/attachments/product_template_pictures/images/072/273/668/original/884794_00.png.png,149,"{""36"": 17, ""37"": 19, ""38"": 19, ""39"": 15, ""40"": 6, ""41"": 13, ""42"": 20, ""43"": 14, ""44"": 20, ""45"": 6}"
16,Yeezy Slides 'Onyx',adidas,2022-03-07T23:59:59.999Z,6000,https://image.goat.com/attachments/product_template_pictures/images/072/273/668/original/884794_00.png.png,103,"{""36"": 17, ""37"": 1, ""38"": 14, ""39"": 15, ""40"": 16, ""41"": 9, ""42"": 10, ""43"": 1, ""44"": 11, ""45"": 9}"
17,Yeezy Slides 'Onyx',adidas,2022-03-07T23:59:59.999Z,6000,https://image.goat.com/attachments/product_template_pictures/images/072/273/668/original/884794_00.png.png,104,"{""36"": 2, ""37"": 17, ""38"": 15, ""39"": 10, ""40"": 11, ""41"": 1, ""42"": 20, ""43"": 5, ""44"": 19, ""45"": 4}"
18,Yeezy Slides 'Onyx',adidas,2022-03-07T23:59:59.999Z,6000,https://image.goat.com/attachments/product_template_pictures/images/072/273/668/original/884794_00.png.png,80,"{""36"": 5, ""37"": 5, ""38"": 18, ""39"": 7, ""40"": 5, ""41"": 15, ""42"": 4, ""43"": 15, ""44"": 6, ""45"": 0}"
19,Yeezy Slides 'Onyx',adidas,2022-03-07T23:59:59.999Z,6000,https://image.goat.com/attachments/product_template_pictures/images/072/273/668/original/884794_00.png.png,132,"{""36"": 3, ""37"": 20, ""38"": 3, ""39"": 11, ""40"": 10, ""41"": 14, ""42"": 19, ""43"": 18, ""44"": 16, ""45"": 18}"
20,Yeezy Slides 'Onyx',adidas,2022-03-07T23:59:59.999Z,6000,https://image.goat.com/attachments/product_template_pictures/images/072/273/668/original/884794_00.png.png,144,"{""36"": 16, ""37"": 16, ""38"": 18, ""39"": 13, ""40"": 18, ""41"": 14, ""42"": 12, ""43"": 18, ""44"": 3, ""45"": 16}"
21,Jordan 1 Low Madder Root (Women's),Jordan,2025-07-01 00:00:00.000,0,https://images.stockx.com/images/Air-Jordan-1-Low-Madder-Root-Womens.jpg?fit=fill&bg=FFFFFF&w=500&h=500&fm=webp&auto=compress&q=90&dpr=2&trim=color&updated_at=1747691712,114,"{""36"": 3, ""37"": 20, ""38"": 5, ""39"": 15, ""40"": 4, ""41"": 11, ""42"": 18, ""43"": 1, ""44"": 20, ""45"": 17}"
22,Nike Vomero 18 Black Bright Crimson Team Red Summit White,Nike,2025-07-01 00:00:00.000,0,https://images.stockx.com/images/Nike-Vomero-18-Black-Bright-Crimson-Team-Red-Summit-White.jpg?fit=fill&bg=FFFFFF&w=500&h=500&fm=webp&auto=compress&q=90&dpr=2&trim=color&updated_at=1749154718,96,"{""36"": 8, ""37"": 10, ""38"": 1, ""39"": 8, ""40"": 13, ""41"": 10, ""42"": 2, ""43"": 18, ""44"": 18, ""45"": 8}"
23,Nike Zoom Fly 6 Glacier Ice Hyper Pink Green Shock Black,Nike,2025-07-01 00:00:00.000,0,https://images.stockx.com/images/Nike-Zoom-Fly-6-Glacier-Ice-Hyper-Pink-Green-Shock-Black.jpg?fit=fill&bg=FFFFFF&w=500&h=500&fm=webp&auto=compress&q=90&dpr=2&trim=color&updated_at=1749154697,119,"{""36"": 10, ""37"": 13, ""38"": 18, ""39"": 11, ""40"": 11, ""41"": 2, ""42"": 9, ""43"": 17, ""44"": 15, ""45"": 13}"
24,Jordan CMFT Era Black White (GS),Jordan,2025-07-01 00:00:00.000,0,https://images.stockx.com/images/Air-Jordan-CMFT-Era-Black-White-GS.jpg?fit=fill&bg=FFFFFF&w=500&h=500&fm=webp&auto=compress&q=90&dpr=2&trim=color&updated_at=1748379630,89,"{""36"": 20, ""37"": 4, ""38"": 20, ""39"": 9, ""40"": 1, ""41"": 7, ""42"": 12, ""43"": 2, ""44"": 1, ""45"": 13}"
25,Jordan CMFT Era Black Sail Coconut Milk Starfish,Jordan,2025-07-01 00:00:00.000,0,https://images.stockx.com/images/Air-Jordan-CMFT-Era-Black-Sail-Coconut-Milk-Starfish.jpg?fit=fill&bg=FFFFFF&w=500&h=500&fm=webp&auto=compress&q=90&dpr=2&trim=color&updated_at=1748643368,102,"{""36"": 15, ""37"": 11, ""38"": 7, ""39"": 13, ""40"": 13, ""41"": 14, ""42"": 10, ""43"": 14, ""44"": 4, ""45"": 1}"
26,Nike Air Zoom GT Cut Academy TB White University Red,Nike,2025-07-01 00:00:00.000,0,https://images.stockx.com/images/Nike-Air-Zoom-GT-Cut-Academy-TB-White-University-Red.jpg?fit=fill&bg=FFFFFF&w=500&h=500&fm=webp&auto=compress&q=90&dpr=2&trim=color&updated_at=1748643369,69,"{""36"": 12, ""37"": 4, ""38"": 1, ""39"": 6, ""40"": 6, ""41"": 20, ""42"": 0, ""43"": 11, ""44"": 0, ""45"": 9}"
27,Nike Downshifter 13 White Pure Platinum Bright Crimson Black,Nike,2025-07-01 00:00:00.000,0,https://images.stockx.com/images/Nike-Downshifter-13-White-Pure-Platinum-Bright-Crimson-Black.jpg?fit=fill&bg=FFFFFF&w=500&h=500&fm=webp&auto=compress&q=90&dpr=2&trim=color&updated_at=1749154763,97,"{""36"": 10, ""37"": 3, ""38"": 13, ""39"": 3, ""40"": 16, ""41"": 10, ""42"": 1, ""43"": 17, ""44"": 19, ""45"": 5}"
28,Jordan 1 Mid Barons,Jordan,2025-07-01 00:00:00.000,0,https://image.goat.com/attachments/product_template_pictures/images/109/620/115/original/DQ8426_101.png.png,139,"{""36"": 20, ""37"": 13, ""38"": 20, ""39"": 4, ""40"": 8, ""41"": 8, ""42"": 12, ""43"": 16, ""44"": 19, ""45"": 19}"
29,Nike Downshifter 13 White Green Shock Black,Nike,2025-07-01 00:00:00.000,0,https://images.stockx.com/images/Nike-Downshifter-13-White-Green-Shock-Black.jpg?fit=fill&bg=FFFFFF&w=500&h=500&fm=webp&auto=compress&q=90&dpr=2&trim=color&updated_at=1748379655,78,"{""36"": 11, ""37"": 4, ""38"": 1, ""39"": 11, ""40"": 5, ""41"": 20, ""42"": 15, ""43"": 1, ""44"": 7, ""45"": 3}"
30,Jordan 1 Mid Rare Air (GS),Jordan,2025-07-01 00:00:00.000,0,https://images.stockx.com/images/Air-Jordan-1-Mid-Rare-Air-GS.jpg?fit=fill&bg=FFFFFF&w=500&h=500&fm=webp&auto=compress&q=90&dpr=2&trim=color&updated_at=1748551940,113,"{""36"": 12, ""37"": 15, ""38"": 9, ""39"": 5, ""40"": 6, ""41"": 15, ""42"": 13, ""43"": 17, ""44"": 20, ""45"": 1}"
31,Nike Free Metcon 6 Cave Stone Light Bone Sail Sundial,Nike,2025-07-01 00:00:00.000,0,https://images.stockx.com/images/Nike-Free-Metcon-6-Cave-Stone-Light-Bone-Sail-Sundial.jpg?fit=fill&bg=FFFFFF&w=500&h=500&fm=webp&auto=compress&q=90&dpr=2&trim=color&updated_at=1748551863,83,"{""36"": 3, ""37"": 15, ""38"": 8, ""39"": 8, ""40"": 2, ""41"": 12, ""42"": 9, ""43"": 9, ""44"": 12, ""45"": 5}"
32,Jordan CMFT Era Black Sail Coconut Milk Starfish (GS),Jordan,2025-07-01 00:00:00.000,0,https://images.stockx.com/images/Air-Jordan-CMFT-Era-Black-Sail-Coconut-Milk-Starfish-GS.jpg?fit=fill&bg=FFFFFF&w=500&h=500&fm=webp&auto=compress&q=90&dpr=2&trim=color&updated_at=1748379641,110,"{""36"": 7, ""37"": 7, ""38"": 14, ""39"": 18, ""40"": 4, ""41"": 17, ""42"": 1, ""43"": 13, ""44"": 10, ""45"": 19}"
33,Nike Air Force 1 Low '07 LV8 Desert Ochre Black,Nike,2025-07-01 00:00:00.000,0,https://images.stockx.com/images/Nike-Air-Force-1-Low-07-LV8-Desert-Ochre-Black.jpg?fit=fill&bg=FFFFFF&w=500&h=500&fm=webp&auto=compress&q=90&dpr=2&trim=color&updated_at=1748379666,80,"{""36"": 1, ""37"": 11, ""38"": 6, ""39"": 10, ""40"": 8, ""41"": 2, ""42"": 15, ""43"": 19, ""44"": 3, ""45"": 5}"
34,adidas Dame 10 Cloud White Collegiate Green,adidas,2025-07-01 00:00:00.000,0,,145,"{""36"": 15, ""37"": 11, ""38"": 17, ""39"": 16, ""40"": 10, ""41"": 20, ""42"": 9, ""43"": 17, ""44"": 18, ""45"": 12}"
35,Jordan Flight Court Atmosphere (Women's),Jordan,2025-07-01 00:00:00.000,0,https://images.stockx.com/images/Air-Jordan-Flight-Court-Atmosphere-Womens.jpg?fit=fill&bg=FFFFFF&w=500&h=500&fm=webp&auto=compress&q=90&dpr=2&trim=color&updated_at=1749154769,69,"{""36"": 5, ""37"": 14, ""38"": 8, ""39"": 4, ""40"": 9, ""41"": 5, ""42"": 0, ""43"": 15, ""44"": 7, ""45"": 2}"
36,Jordan 1 Low EasyOn Shattered Backboard,Jordan,2025-07-01 00:00:00.000,0,https://images.stockx.com/images/Air-Jordan-1-Low-EasyOn-Shattered-Backboard.jpg?fit=fill&bg=FFFFFF&w=500&h=500&fm=webp&auto=compress&q=90&dpr=2&trim=color&updated_at=1749154718,114,"{""36"": 16, ""37"": 19, ""38"": 10, ""39"": 15, ""40"": 5, ""41"": 7, ""42"": 7, ""43"": 10, ""44"": 19, ""45"": 6}"
37,Mostro Mule 'Sea Kelp',Puma,2025-07-01 00:00:00.000,0,https://image.goat.com/attachments/product_template_pictures/images/110/622/823/original/404433_03.png.png,100,"{""36"": 4, ""37"": 13, ""38"": 14, ""39"": 11, ""40"": 20, ""41"": 6, ""42"": 16, ""43"": 0, ""44"": 15, ""45"": 1}"
38,Dame X 'Lime Burst',adidas,2025-07-01 00:00:00.000,0,https://image.goat.com/attachments/product_template_pictures/images/110/512/708/original/KI5949.png.png,122,"{""36"": 3, ""37"": 19, ""38"": 14, ""39"": 8, ""40"": 8, ""41"": 12, ""42"": 19, ""43"": 15, ""44"": 16, ""45"": 8}"
39,Nike Aqua Turf Green Strike Platinum Tint Racer Blue,Nike,2025-07-01 00:00:00.000,0,https://images.stockx.com/images/Nike-Aqua-Turf-Green-Strike-Platinum-Tint-Racer-Blue.jpg?fit=fill&bg=FFFFFF&w=500&h=500&fm=webp&auto=compress&q=90&dpr=2&trim=color&updated_at=1749154748,102,"{""36"": 7, ""37"": 9, ""38"": 4, ""39"": 14, ""40"": 9, ""41"": 13, ""42"": 20, ""43"": 2, ""44"": 13, ""45"": 11}"
40,Mostro Mule 'Lilac Frost',Puma,2025-07-01 00:00:00.000,0,https://image.goat.com/attachments/product_template_pictures/images/110/622/824/original/404433_04.png.png,71,"{""36"": 6, ""37"": 6, ""38"": 5, ""39"": 10, ""40"": 5, ""41"": 8, ""42"": 6, ""43"": 4, ""44"": 12, ""45"": 9}"
41,Nike Ja 2 Kool-Aid Tropical Punch,Nike,2025-07-01 00:00:00.000,0,https://image.goat.com/attachments/product_template_pictures/images/108/697/463/original/IF0302_600.png.png,78,"{""36"": 6, ""37"": 16, ""38"": 0, ""39"": 2, ""40"": 15, ""41"": 16, ""42"": 2, ""43"": 20, ""44"": 1, ""45"": 0}"
42,Nike V5 RNR College Grey Vast Grey Fir Summit White,Nike,2025-07-01 00:00:00.000,0,https://images.stockx.com/images/Nike-V5-RNR-College-Grey-Vast-Grey-Fir-Summit-White.jpg?fit=fill&bg=FFFFFF&w=500&h=500&fm=webp&auto=compress&q=90&dpr=2&trim=color&updated_at=1749242377,60,"{""36"": 6, ""37"": 16, ""38"": 1, ""39"": 7, ""40"": 1, ""41"": 10, ""42"": 7, ""43"": 3, ""44"": 2, ""45"": 7}"
43,Nike P-6000 Racer Blue Metallic Silver White,Nike,2025-07-01 00:00:00.000,0,https://images.stockx.com/images/Nike-P-6000-Racer-Blue-Metallic-Silver-White.jpg?fit=fill&bg=FFFFFF&w=500&h=500&fm=webp&auto=compress&q=90&dpr=2&trim=color&updated_at=1749242383,91,"{""36"": 1, ""37"": 4, ""38"": 0, ""39"": 13, ""40"": 16, ""41"": 18, ""42"": 9, ""43"": 5, ""44"": 20, ""45"": 5}"
44,Jordan 1 Retro High OG Shattered Backboard (2025),Jordan,2025-07-01 00:00:00.000,0,,85,"{""36"": 1, ""37"": 18, ""38"": 16, ""39"": 3, ""40"": 10, ""41"": 7, ""42"": 10, ""43"": 5, ""44"": 13, ""45"": 2}"
45,Jordan 1 Mid Black Toe Starfish,Jordan,2025-07-01 00:00:00.000,0,https://image.goat.com/attachments/product_template_pictures/images/109/305/165/original/DQ8426_801.png.png,86,"{""36"": 0, ""37"": 9, ""38"": 6, ""39"": 14, ""40"": 16, ""41"": 8, ""42"": 9, ""43"": 11, ""44"": 11, ""45"": 2}"
46,Jordan 1 Mid Dusty Amethyst White Court Purple (GS),Jordan,2025-07-01 00:00:00.000,0,https://images.stockx.com/images/Air-Jordan-1-Mid-Dusty-Amethyst-White-Court-Purple-GS.jpg?fit=fill&bg=FFFFFF&w=500&h=500&fm=webp&auto=compress&q=90&dpr=2&trim=color&updated_at=1748379638,118,"{""36"": 15, ""37"": 3, ""38"": 19, ""39"": 17, ""40"": 15, ""41"": 3, ""42"": 7, ""43"": 14, ""44"": 9, ""45"": 16}"
47,Nike Downshifter 13 Light Silver College Grey Sail White,Nike,2025-07-01 00:00:00.000,0,https://images.stockx.com/images/Nike-Downshifter-13-Light-Silver-College-Grey-Sail-White.jpg?fit=fill&bg=FFFFFF&w=500&h=500&fm=webp&auto=compress&q=90&dpr=2&trim=color&updated_at=1748379656,74,"{""36"": 5, ""37"": 7, ""38"": 20, ""39"": 2, ""40"": 7, ""41"": 7, ""42"": 1, ""43"": 13, ""44"": 1, ""45"": 11}"
48,Nike Motiva Comet Blue Royal Blue Midnight Navy,Nike,2025-07-01 00:00:00.000,0,https://images.stockx.com/images/Nike-Motiva-Comet-Blue-Royal-Blue-Midnight-Navy.jpg?fit=fill&bg=FFFFFF&w=500&h=500&fm=webp&auto=compress&q=90&dpr=2&trim=color&updated_at=1748379663,99,"{""36"": 13, ""37"": 15, ""38"": 7, ""39"": 8, ""40"": 16, ""41"": 6, ""42"": 19, ""43"": 0, ""44"": 10, ""45"": 5}"
49,Nike ZoomX Zegama 2 Hyper Crimson Glacier Blue Sail Dark Team Red,Nike,2025-07-01 00:00:00.000,0,https://images.stockx.com/images/Nike-ZoomX-Zegama-2-Hyper-Crimson-Glacier-Blue-Sail-Dark-Team-Red.jpg?fit=fill&bg=FFFFFF&w=500&h=500&fm=webp&auto=compress&q=90&dpr=2&trim=color&updated_at=1749242341,135,"{""36"": 20, ""37"": 18, ""38"": 8, ""39"": 12, ""40"": 16, ""41"": 11, ""42"": 19, ""43"": 16, ""44"": 8, ""45"": 7}"
50,Nike React Pegasus Trail 5 Black Fir College Grey Desert Ochre,Nike,2025-07-01 00:00:00.000,0,https://images.stockx.com/images/Nike-React-Pegasus-Trail-5-Black-Fir-College-Grey-Desert-Ochre.jpg?fit=fill&bg=FFFFFF&w=500&h=500&fm=webp&auto=compress&q=90&dpr=2&trim=color&updated_at=1749242361,100,"{""36"": 9, ""37"": 6, ""38"": 9, ""39"": 18, ""40"": 9, ""41"": 18, ""42"": 1, ""43"": 18, ""44"": 8, ""45"": 4}"
51,Nike Journey Run Black Green Strike Green Shock White,Nike,2025-07-01 00:00:00.000,0,https://images.stockx.com/images/Nike-Journey-Run-Black-Green-Strike-Green-Shock-White.jpg?fit=fill&bg=FFFFFF&w=500&h=500&fm=webp&auto=compress&q=90&dpr=2&trim=color&updated_at=1748643423,109,"{""36"": 7, ""37"": 17, ""38"": 8, ""39"": 16, ""40"": 9, ""41"": 16, ""42"": 12, ""43"": 15, ""44"": 5, ""45"": 4}"
52,Nike Dunk Low Retro SE Light Silver Light Army Sail White,Nike,2025-07-01 00:00:00.000,0,https://image.goat.com/attachments/product_template_pictures/images/109/222/769/original/IB6399_002.png.png,100,"{""36"": 3, ""37"": 5, ""38"": 2, ""39"": 19, ""40"": 6, ""41"": 17, ""42"": 17, ""43"": 6, ""44"": 10, ""45"": 15}"
53,Nike Air Max Alpha Trainer 6 Flat Silver Metallic Silver Black University Red,Nike,2025-07-01 00:00:00.000,0,https://images.stockx.com/images/Nike-Air-Max-Alpha-Trainer-6-Flat-Silver-Metallic-Silver-Black-University-Red.jpg?fit=fill&bg=FFFFFF&w=500&h=500&fm=webp&auto=compress&q=90&dpr=2&trim=color&updated_at=1747691782,94,"{""36"": 6, ""37"": 16, ""38"": 17, ""39"": 4, ""40"": 12, ""41"": 3, ""42"": 12, ""43"": 6, ""44"": 5, ""45"": 13}"
54,Jordan 1 Mid Black Toe Starfish (GS),Jordan,2025-07-01 00:00:00.000,0,https://images.stockx.com/images/Air-Jordan-1-Mid-Black-Toe-Starfish-GS.jpg?fit=fill&bg=FFFFFF&w=500&h=500&fm=webp&auto=compress&q=90&dpr=2&trim=color&updated_at=1747691766,84,"{""36"": 5, ""37"": 6, ""38"": 16, ""39"": 5, ""40"": 0, ""41"": 6, ""42"": 0, ""43"": 16, ""44"": 17, ""45"": 13}"
55,Nike SB Dunk Low CSEF,Nike,2025-07-01 00:00:00.000,0,https://image.goat.com/attachments/product_template_pictures/images/109/907/819/original/1530868_00.png.png,130,"{""36"": 2, ""37"": 20, ""38"": 11, ""39"": 19, ""40"": 14, ""41"": 8, ""42"": 12, ""43"": 13, ""44"": 12, ""45"": 19}"
56,Nike Free Metcon 6 Total Orange Photo Blue Black White,Nike,2025-07-01 00:00:00.000,0,https://images.stockx.com/images/Nike-Free-Metcon-6-Total-Orange-Photo-Blue-Black-White.jpg?fit=fill&bg=FFFFFF&w=500&h=500&fm=webp&auto=compress&q=90&dpr=2&trim=color&updated_at=1749154792,96,"{""36"": 7, ""37"": 20, ""38"": 1, ""39"": 18, ""40"": 19, ""41"": 2, ""42"": 7, ""43"": 5, ""44"": 16, ""45"": 1}"
57,Nike Wildhorse 10 Black Fir Bright Crimson Desert Ochre,Nike,2025-07-01 00:00:00.000,0,https://images.stockx.com/images/Nike-Wildhorse-10-Black-Fir-Bright-Crimson-Desert-Ochre.jpg?fit=fill&bg=FFFFFF&w=500&h=500&fm=webp&auto=compress&q=90&dpr=2&trim=color&updated_at=1747691769,112,"{""36"": 20, ""37"": 13, ""38"": 9, ""39"": 12, ""40"": 13, ""41"": 20, ""42"": 3, ""43"": 9, ""44"": 5, ""45"": 8}"
58,Nike ZoomX Pegasus Plus Platinum Tint College Grey Anthracite Black,Nike,2025-07-01 00:00:00.000,0,https://images.stockx.com/images/Nike-ZoomX-Pegasus-Plus-Platinum-Tint-College-Grey-Anthracite-Black.jpg?fit=fill&bg=FFFFFF&w=500&h=500&fm=webp&auto=compress&q=90&dpr=2&trim=color&updated_at=1748551914,70,"{""36"": 4, ""37"": 17, ""38"": 2, ""39"": 1, ""40"": 16, ""41"": 9, ""42"": 5, ""43"": 11, ""44"": 4, ""45"": 1}"
59,Nike Air Force 1 Low '07 LV8 Cargo Khaki Pale Ivory Dark Team Red,Nike,2025-07-01 00:00:00.000,0,https://images.stockx.com/images/Nike-Air-Force-1-Low-07-LV8-Cargo-Khaki-Pale-Ivory-Dark-Team-Red.jpg?fit=fill&bg=FFFFFF&w=500&h=500&fm=webp&auto=compress&q=90&dpr=2&trim=color&updated_at=1748643316,113,"{""36"": 11, ""37"": 16, ""38"": 9, ""39"": 0, ""40"": 10, ""41"": 13, ""42"": 4, ""43"": 19, ""44"": 17, ""45"": 14}"
60,Nike SB Malor Light Khaki Neutral Olive Desert Khaki Pale Ivory,Nike,2025-07-01 00:00:00.000,0,https://images.stockx.com/images/Nike-SB-Malor-Light-Khaki-Neutral-Olive-Desert-Khaki-Pale-Ivory.jpg?fit=fill&bg=FFFFFF&w=500&h=500&fm=webp&auto=compress&q=90&dpr=2&trim=color&updated_at=1749154756,98,"{""36"": 3, ""37"": 4, ""38"": 19, ""39"": 19, ""40"": 13, ""41"": 6, ""42"": 0, ""43"": 7, ""44"": 19, ""45"": 8}"
61,Nike Court Vision Low Gym Red Summit White,Nike,2025-07-01 00:00:00.000,0,https://images.stockx.com/images/Nike-Court-Vision-Low-Gym-Red-Summit-White.jpg?fit=fill&bg=FFFFFF&w=500&h=500&fm=webp&auto=compress&q=90&dpr=2&trim=color&updated_at=1748643448,121,"{""36"": 14, ""37"": 3, ""38"": 16, ""39"": 6, ""40"": 15, ""41"": 19, ""42"": 14, ""43"": 5, ""44"": 15, ""45"": 14}"
62,Jordan 1 Mid Tan Toe (Women's),Jordan,2025-07-01 00:00:00.000,0,https://images.stockx.com/images/Air-Jordan-1-Mid-Tan-Toe-Womens.jpg?fit=fill&bg=FFFFFF&w=500&h=500&fm=webp&auto=compress&q=90&dpr=2&trim=color&updated_at=1749242381,108,"{""36"": 17, ""37"": 18, ""38"": 18, ""39"": 8, ""40"": 12, ""41"": 6, ""42"": 3, ""43"": 8, ""44"": 18, ""45"": 0}"
63,Nike ZoomX Pegasus Plus Ashen Slate White Pure Platinum Anthracite,Nike,2025-07-01 00:00:00.000,0,https://images.stockx.com/images/Nike-ZoomX-Pegasus-Plus-Ashen-Slate-White-Pure-Platinum-Anthracite.jpg?fit=fill&bg=FFFFFF&w=500&h=500&fm=webp&auto=compress&q=90&dpr=2&trim=color&updated_at=1748900654,93,"{""36"": 5, ""37"": 16, ""38"": 19, ""39"": 14, ""40"": 11, ""41"": 1, ""42"": 5, ""43"": 11, ""44"": 6, ""45"": 5}"
64,adidas Dame 10 Zero Metallic,adidas,2025-07-01 00:00:00.000,0,https://image.goat.com/attachments/product_template_pictures/images/110/212/763/original/JP6089.png.png,94,"{""36"": 3, ""37"": 12, ""38"": 11, ""39"": 20, ""40"": 1, ""41"": 17, ""42"": 11, ""43"": 5, ""44"": 7, ""45"": 7}"
65,Nike Precision 7 EasyOn Photon Dust White Midnight Navy,Nike,2025-07-01 00:00:00.000,0,https://images.stockx.com/images/Nike-Precision-7-EasyOn-Photon-Dust-White-Midnight-Navy.jpg?fit=fill&bg=FFFFFF&w=500&h=500&fm=webp&auto=compress&q=90&dpr=2&trim=color&updated_at=1748379699,107,"{""36"": 5, ""37"": 18, ""38"": 14, ""39"": 14, ""40"": 2, ""41"": 2, ""42"": 10, ""43"": 19, ""44"": 9, ""45"": 14}"
66,Nike Air Zoom Pegasus 41 Summit White College Grey Sail Black,Nike,2025-07-01 00:00:00.000,0,https://images.stockx.com/images/Nike-Air-Zoom-Pegasus-41-Summit-White-College-Grey-Sail-Black.jpg?fit=fill&bg=FFFFFF&w=500&h=500&fm=webp&auto=compress&q=90&dpr=2&trim=color&updated_at=1749242329,71,"{""36"": 1, ""37"": 7, ""38"": 1, ""39"": 6, ""40"": 14, ""41"": 3, ""42"": 11, ""43"": 11, ""44"": 15, ""45"": 2}"
67,Nike Winflo 11 World Indigo Light Armory Blue Anthracite Sail,Nike,2025-07-01 00:00:00.000,0,https://images.stockx.com/images/Nike-Winflo-11-World-Indigo-Light-Armory-Blue-Anthracite-Sail.jpg?fit=fill&bg=FFFFFF&w=500&h=500&fm=webp&auto=compress&q=90&dpr=2&trim=color&updated_at=1748900633,83,"{""36"": 20, ""37"": 2, ""38"": 0, ""39"": 7, ""40"": 3, ""41"": 11, ""42"": 16, ""43"": 14, ""44"": 4, ""45"": 6}"
68,Nike Run Defy Deep Royal Blue World Indigo Black White,Nike,2025-07-01 00:00:00.000,0,https://images.stockx.com/images/Nike-Run-Defy-Deep-Royal-Blue-World-Indigo-Black-White.jpg?fit=fill&bg=FFFFFF&w=500&h=500&fm=webp&auto=compress&q=90&dpr=2&trim=color&updated_at=1748643425,62,"{""36"": 7, ""37"": 9, ""38"": 8, ""39"": 6, ""40"": 6, ""41"": 8, ""42"": 1, ""43"": 0, ""44"": 14, ""45"": 3}"
69,Jordan CMFT Era Black White,Jordan,2025-07-01 00:00:00.000,0,https://image.goat.com/attachments/product_template_pictures/images/109/676/285/original/HJ6777_001.png.png,100,"{""36"": 11, ""37"": 3, ""38"": 19, ""39"": 16, ""40"": 2, ""41"": 14, ""42"": 16, ""43"": 4, ""44"": 7, ""45"": 8}"
70,Jordan Spizike Low Safari,Jordan,2025-07-01 00:00:00.000,0,https://images.stockx.com/images/Air-Jordan-Spizike-Low-Safari.jpg?fit=fill&bg=FFFFFF&w=500&h=500&fm=webp&auto=compress&q=90&dpr=2&trim=color&updated_at=1748379696,112,"{""36"": 14, ""37"": 3, ""38"": 10, ""39"": 19, ""40"": 11, ""41"": 16, ""42"": 11, ""43"": 15, ""44"": 12, ""45"": 1}"
71,Jordan Flight Court White Dusty Amethyst (GS),Jordan,2025-07-01 00:00:00.000,0,https://images.stockx.com/images/Air-Jordan-Flight-Court-White-Dusty-Amethyst-GS.jpg?fit=fill&bg=FFFFFF&w=500&h=500&fm=webp&auto=compress&q=90&dpr=2&trim=color&updated_at=1748900603,137,"{""36"": 15, ""37"": 19, ""38"": 18, ""39"": 9, ""40"": 3, ""41"": 14, ""42"": 12, ""43"": 20, ""44"": 17, ""45"": 10}"
72,Jordan 1 Retro High OG Self Expression (GS),Jordan,2025-06-30 00:00:00.000,0,,116,"{""36"": 18, ""37"": 19, ""38"": 11, ""39"": 15, ""40"": 2, ""41"": 16, ""42"": 6, ""43"": 4, ""44"": 17, ""45"": 8}"
73,Jordan 1 Retro High OG Self Expression,Jordan,2025-06-30 00:00:00.000,0,,117,"{""36"": 3, ""37"": 9, ""38"": 19, ""39"": 0, ""40"": 9, ""41"": 19, ""42"": 7, ""43"": 16, ""44"": 17, ""45"": 18}"
74,Air Jordan 5 Retro Low PS 'Pale Ivory',Air Jordan,2025-06-30 00:00:00.000,0,,90,"{""36"": 6, ""37"": 2, ""38"": 13, ""39"": 13, ""40"": 12, ""41"": 8, ""42"": 8, ""43"": 13, ""44"": 3, ""45"": 12}"
75,adidas Dame 10 Core Black Iron Metallic,adidas,2025-06-28 00:00:00.000,0,https://image.goat.com/attachments/product_template_pictures/images/108/564/253/original/JP6090.png.png,107,"{""36"": 18, ""37"": 2, ""38"": 9, ""39"": 19, ""40"": 11, ""41"": 12, ""42"": 12, ""43"": 15, ""44"": 4, ""45"": 5}"
76,H-Street OG 'Fizzy Green',Puma,2025-06-28 00:00:00.000,0,https://image.goat.com/attachments/product_template_pictures/images/110/167/521/original/403692_01.png.png,121,"{""36"": 18, ""37"": 7, ""38"": 12, ""39"": 16, ""40"": 15, ""41"": 2, ""42"": 18, ""43"": 17, ""44"": 9, ""45"": 7}"
77,Wmns H-Street OG 'Fizzy Green',Puma,2025-06-28 00:00:00.000,0,https://image.goat.com/attachments/product_template_pictures/images/110/167/527/original/405423_01.png.png,100,"{""36"": 10, ""37"": 12, ""38"": 1, ""39"": 9, ""40"": 11, ""41"": 9, ""42"": 15, ""43"": 11, ""44"": 11, ""45"": 11}"
78,Wmns H-Street OG 'Frosted Ivory Silver',Puma,2025-06-28 00:00:00.000,0,https://image.goat.com/attachments/product_template_pictures/images/110/167/529/original/405423_05.png.png,111,"{""36"": 0, ""37"": 17, ""38"": 2, ""39"": 13, ""40"": 19, ""41"": 20, ""42"": 10, ""43"": 0, ""44"": 19, ""45"": 11}"
79,Wmns H-Street OG 'Black Silver',Puma,2025-06-28 00:00:00.000,0,https://image.goat.com/attachments/product_template_pictures/images/110/167/528/original/405423_02.png.png,104,"{""36"": 17, ""37"": 0, ""38"": 12, ""39"": 10, ""40"": 14, ""41"": 4, ""42"": 7, ""43"": 18, ""44"": 13, ""45"": 9}"
80,H-Street OG 'Frosted Ivory Silver',Puma,2025-06-28 00:00:00.000,0,https://image.goat.com/attachments/product_template_pictures/images/110/167/523/original/403692_05.png.png,92,"{""36"": 4, ""37"": 16, ""38"": 6, ""39"": 3, ""40"": 14, ""41"": 12, ""42"": 3, ""43"": 7, ""44"": 9, ""45"": 18}"
81,H-Street OG 'Black Silver',Puma,2025-06-28 00:00:00.000,0,https://image.goat.com/attachments/product_template_pictures/images/110/167/522/original/403692_02.png.png,94,"{""36"": 7, ""37"": 6, ""38"": 19, ""39"": 5, ""40"": 8, ""41"": 12, ""42"": 6, ""43"": 14, ""44"": 12, ""45"": 5}"
82,DC Comics x Classic Clog 'Superman',Crocs,2025-06-24 00:00:00.000,0,https://image.goat.com/attachments/product_template_pictures/images/110/592/585/original/211131_90H.png.png,116,"{""36"": 13, ""37"": 1, ""38"": 8, ""39"": 10, ""40"": 16, ""41"": 13, ""42"": 16, ""43"": 20, ""44"": 17, ""45"": 2}"
83,Kobe Bryant x Air Force 1 Low Protro 'Mamba Mentality',Nike,2025-06-24 00:00:00.000,0,https://image.goat.com/attachments/product_template_pictures/images/110/512/595/original/HV9408_700.png.png,112,"{""36"": 19, ""37"": 13, ""38"": 8, ""39"": 0, ""40"": 13, ""41"": 17, ""42"": 2, ""43"": 19, ""44"": 16, ""45"": 5}"
84,Jordan 11 Retro Low Bred (TD),Jordan,2025-06-21 00:00:00.000,0,https://image.goat.com/attachments/product_template_pictures/images/109/604/812/original/1601165_00.png.png,105,"{""36"": 9, ""37"": 15, ""38"": 20, ""39"": 11, ""40"": 17, ""41"": 4, ""42"": 3, ""43"": 2, ""44"": 15, ""45"": 9}"
85,Air Jordan 5 Retro TD 'Grape' 2025,Air Jordan,2025-06-21 00:00:00.000,0,https://image.goat.com/attachments/product_template_pictures/images/110/361/283/original/HQ7981_100.png.png,70,"{""36"": 6, ""37"": 20, ""38"": 2, ""39"": 18, ""40"": 3, ""41"": 0, ""42"": 0, ""43"": 12, ""44"": 1, ""45"": 8}"
86,Jalen Williams x Harden Vol. 9 'White Lucid Lime Pink',adidas,2025-06-21 00:00:00.000,0,https://image.goat.com/attachments/product_template_pictures/images/108/004/782/original/JQ4003.png.png,133,"{""36"": 18, ""37"": 13, ""38"": 15, ""39"": 17, ""40"": 12, ""41"": 16, ""42"": 6, ""43"": 12, ""44"": 20, ""45"": 4}"
87,Air Jordan 5 Retro PS 'Grape' 2025,Air Jordan,2025-06-21 00:00:00.000,0,https://image.goat.com/attachments/product_template_pictures/images/110/361/281/original/HQ7979_100.png.png,107,"{""36"": 8, ""37"": 13, ""38"": 8, ""39"": 14, ""40"": 6, ""41"": 10, ""42"": 10, ""43"": 11, ""44"": 10, ""45"": 17}"
88,Air Jordan 5 Retro GS 'Grape' 2025,Air Jordan,2025-06-21 00:00:00.000,0,https://image.goat.com/attachments/product_template_pictures/images/110/482/516/original/1621588_00.png.png,63,"{""36"": 0, ""37"": 9, ""38"": 1, ""39"": 11, ""40"": 2, ""41"": 0, ""42"": 15, ""43"": 0, ""44"": 8, ""45"": 17}"
89,Jordan 11 Retro Low Bred (PS),Jordan,2025-06-21 00:00:00.000,0,https://image.goat.com/attachments/product_template_pictures/images/109/385/581/original/FV5116_006.png.png,115,"{""36"": 13, ""37"": 17, ""38"": 8, ""39"": 15, ""40"": 14, ""41"": 4, ""42"": 2, ""43"": 19, ""44"": 5, ""45"": 18}"
90,Jordan 5 Retro Grape (2025),Jordan,2025-06-21 00:00:00.000,0,https://image.goat.com/attachments/product_template_pictures/images/108/196/611/original/1556310_00.png.png,106,"{""36"": 3, ""37"": 20, ""38"": 9, ""39"": 20, ""40"": 5, ""41"": 17, ""42"": 2, ""43"": 9, ""44"": 13, ""45"": 8}"
91,Golf Le Fleur x Naut-1 'Starlight Blue',Converse,2025-06-20 00:00:00.000,0,https://image.goat.com/attachments/product_template_pictures/images/110/188/859/original/A16304C.png.png,52,"{""36"": 8, ""37"": 4, ""38"": 7, ""39"": 3, ""40"": 6, ""41"": 19, ""42"": 0, ""43"": 1, ""44"": 3, ""45"": 1}"
92,Faith Kipyegon x Wmns Air Zoom Alphafly NEXT% 3 'Fuchsia Dream',Nike,2025-06-20 00:00:00.000,0,https://image.goat.com/attachments/product_template_pictures/images/110/622/861/original/IB4201_600.png.png,103,"{""36"": 3, ""37"": 9, ""38"": 8, ""39"": 16, ""40"": 11, ""41"": 12, ""42"": 19, ""43"": 4, ""44"": 15, ""45"": 6}"
93,Faith Kipyegon x Wmns Pegasus Premium 'Plum Chalk',Nike,2025-06-20 00:00:00.000,0,https://image.goat.com/attachments/product_template_pictures/images/110/638/887/original/II0602_500.png.png,92,"{""36"": 0, ""37"": 6, ""38"": 9, ""39"": 19, ""40"": 11, ""41"": 7, ""42"": 2, ""43"": 19, ""44"": 13, ""45"": 6}"
94,Faith Kipyegon x Wmns Air Zoom Pegasus 41 'Plum Chalk',Nike,2025-06-20 00:00:00.000,0,https://image.goat.com/attachments/product_template_pictures/images/109/222/767/original/IB4199_500.png.png,99,"{""36"": 1, ""37"": 11, ""38"": 12, ""39"": 4, ""40"": 16, ""41"": 14, ""42"": 11, ""43"": 19, ""44"": 7, ""45"": 4}"
95,Golf Le Fleur x Coach Jogger 'Starlight Blue',Converse,2025-06-20 00:00:00.000,0,https://image.goat.com/attachments/product_template_pictures/images/110/188/855/original/A16262C.png.png,132,"{""36"": 6, ""37"": 20, ""38"": 4, ""39"": 11, ""40"": 15, ""41"": 19, ""42"": 15, ""43"": 15, ""44"": 17, ""45"": 10}"
96,atmos x One Piece x Classic Clog 'Gear 5 Luffy',Crocs,2025-06-20 00:00:00.000,0,https://image.goat.com/attachments/product_template_pictures/images/110/439/720/original/211181_5PR.png.png,142,"{""36"": 19, ""37"": 17, ""38"": 13, ""39"": 18, ""40"": 15, ""41"": 14, ""42"": 15, ""43"": 11, ""44"": 12, ""45"": 8}"
97,Little Posite One GS 'Triple White',Nike,2025-06-20 00:00:00.000,0,https://image.goat.com/attachments/product_template_pictures/images/110/212/718/original/HQ1959_100.png.png,129,"{""36"": 3, ""37"": 19, ""38"": 9, ""39"": 20, ""40"": 3, ""41"": 9, ""42"": 19, ""43"": 12, ""44"": 16, ""45"": 19}"
98,Golf Le Fleur x Naut-1 'Floral',Converse,2025-06-20 00:00:00.000,0,https://image.goat.com/attachments/product_template_pictures/images/110/188/862/original/A16308C.png.png,125,"{""36"": 8, ""37"": 11, ""38"": 11, ""39"": 0, ""40"": 18, ""41"": 14, ""42"": 17, ""43"": 17, ""44"": 12, ""45"": 17}"
99,Golf Le Fleur x Naut-1 'Green Stripes',Converse,2025-06-20 00:00:00.000,0,https://image.goat.com/attachments/product_template_pictures/images/110/188/856/original/A16264C.png.png,91,"{""36"": 10, ""37"": 5, ""38"": 7, ""39"": 16, ""40"": 11, ""41"": 12, ""42"": 16, ""43"": 4, ""44"": 2, ""45"": 8}"
100,Golf Le Fleur x Naut-1 'Brown Suede',Converse,2025-06-20 00:00:00.000,0,https://image.goat.com/attachments/product_template_pictures/images/110/188/860/original/A16305C.png.png,95,"{""36"": 9, ""37"": 14, ""38"": 11, ""39"": 20, ""40"": 6, ""41"": 10, ""42"": 9, ""43"": 12, ""44"": 2, ""45"": 2}"
101,Little Posite One PS 'Triple White',Nike,2025-06-20 00:00:00.000,0,https://image.goat.com/attachments/product_template_pictures/images/110/335/425/original/HQ1960_100.png.png,112,"{""36"": 12, ""37"": 1, ""38"": 20, ""39"": 16, ""40"": 5, ""41"": 10, ""42"": 17, ""43"": 5, ""44"": 10, ""45"": 16}"
102,Golf Le Fleur x Coach Jogger 'Forest Shade',Converse,2025-06-20 00:00:00.000,0,https://image.goat.com/attachments/product_template_pictures/images/110/188/854/original/A16192C.png.png,88,"{""36"": 19, ""37"": 5, ""38"": 4, ""39"": 2, ""40"": 8, ""41"": 16, ""42"": 15, ""43"": 7, ""44"": 0, ""45"": 12}"
103,Golf Le Fleur x Coach Jogger 'Bistre',Converse,2025-06-20 00:00:00.000,0,https://image.goat.com/attachments/product_template_pictures/images/110/188/857/original/A16299C.png.png,96,"{""36"": 13, ""37"": 2, ""38"": 5, ""39"": 13, ""40"": 8, ""41"": 12, ""42"": 19, ""43"": 5, ""44"": 9, ""45"": 10}"
104,Golf Le Fleur x Naut-1 'Darryl',Converse,2025-06-20 00:00:00.000,0,https://image.goat.com/attachments/product_template_pictures/images/110/188/861/original/A16307C.png.png,110,"{""36"": 1, ""37"": 18, ""38"": 11, ""39"": 16, ""40"": 12, ""41"": 8, ""42"": 5, ""43"": 11, ""44"": 13, ""45"": 15}"
105,Faith Kipyegon x Wmns Air Zoom Victory 2 'Fuchsia Dream',Nike,2025-06-20 00:00:00.000,0,https://image.goat.com/attachments/product_template_pictures/images/110/622/863/original/IB4202_600.png.png,112,"{""36"": 10, ""37"": 12, ""38"": 9, ""39"": 20, ""40"": 7, ""41"": 7, ""42"": 13, ""43"": 18, ""44"": 3, ""45"": 13}"
106,Faith Kipyegon x Wmns Pegasus Plus 'Fuchsia Dream',Nike,2025-06-20 00:00:00.000,0,https://image.goat.com/attachments/product_template_pictures/images/110/622/860/original/IB4197_500.png.png,130,"{""36"": 3, ""37"": 20, ""38"": 19, ""39"": 9, ""40"": 16, ""41"": 14, ""42"": 16, ""43"": 4, ""44"": 19, ""45"": 10}"
107,MB.04 Lo 'Ice White',Puma,2025-06-20 00:00:00.000,0,https://image.goat.com/attachments/product_template_pictures/images/110/361/250/original/311319_01.png.png,105,"{""36"": 18, ""37"": 1, ""38"": 2, ""39"": 13, ""40"": 13, ""41"": 2, ""42"": 2, ""43"": 14, ""44"": 20, ""45"": 20}"
108,Trail Break 2 'Black',Crocs,2025-06-19 00:00:00.000,0,https://image.goat.com/attachments/product_template_pictures/images/109/824/810/original/209988_060.png.png,104,"{""36"": 5, ""37"": 13, ""38"": 7, ""39"": 19, ""40"": 13, ""41"": 16, ""42"": 6, ""43"": 19, ""44"": 5, ""45"": 1}"
109,Teddy Santis x 991v2 Made in England 'Celestial Blue',New Balance,2025-06-19 00:00:00.000,0,https://image.goat.com/attachments/product_template_pictures/images/110/512/721/original/U991BV2.png.png,100,"{""36"": 2, ""37"": 14, ""38"": 8, ""39"": 19, ""40"": 9, ""41"": 5, ""42"": 11, ""43"": 16, ""44"": 6, ""45"": 10}"
110,Teddy Santis x 991v2 Made in England 'Mineral Green',New Balance,2025-06-19 00:00:00.000,0,https://image.goat.com/attachments/product_template_pictures/images/110/512/722/original/U991GV2.png.png,116,"{""36"": 13, ""37"": 10, ""38"": 9, ""39"": 14, ""40"": 13, ""41"": 19, ""42"": 0, ""43"": 15, ""44"": 13, ""45"": 10}"
111,Sneakersnstuff x GT 2 '5th Edition',adidas,2025-06-19 00:00:00.000,0,https://image.goat.com/attachments/product_template_pictures/images/110/638/906/original/JR0266.png.png,60,"{""36"": 5, ""37"": 0, ""38"": 9, ""39"": 17, ""40"": 3, ""41"": 0, ""42"": 6, ""43"": 20, ""44"": 0, ""45"": 0}"
112,Jordan 1 Retro Low OG Washed Teal (Women's),Jordan,2025-06-18 00:00:00.000,0,https://image.goat.com/attachments/product_template_pictures/images/109/414/316/original/HQ8111_300.png.png,92,"{""36"": 7, ""37"": 18, ""38"": 7, ""39"": 15, ""40"": 3, ""41"": 2, ""42"": 8, ""43"": 13, ""44"": 8, ""45"": 11}"
113,Stone Island x Numeric 272 'White',New Balance,2025-06-18 00:00:00.000,0,https://image.goat.com/attachments/product_template_pictures/images/110/622/791/original/00011_10000SIXN2W.png.png,95,"{""36"": 3, ""37"": 13, ""38"": 7, ""39"": 10, ""40"": 10, ""41"": 4, ""42"": 11, ""43"": 10, ""44"": 19, ""45"": 8}"
114,Stone Island x Numeric 272 'Blue',New Balance,2025-06-18 00:00:00.000,0,https://image.goat.com/attachments/product_template_pictures/images/110/622/790/original/00011_10000SIXN2B.png.png,132,"{""36"": 6, ""37"": 20, ""38"": 12, ""39"": 15, ""40"": 19, ""41"": 18, ""42"": 16, ""43"": 6, ""44"": 5, ""45"": 15}"
115,Air Max Waffle Racer SP 'Bright Ceramic',Nike,2025-06-18 00:00:00.000,0,https://image.goat.com/attachments/product_template_pictures/images/110/638/864/original/IB3656_800.png.png,108,"{""36"": 15, ""37"": 4, ""38"": 0, ""39"": 8, ""40"": 18, ""41"": 14, ""42"": 15, ""43"": 5, ""44"": 18, ""45"": 11}"
116,Stone Island x Numeric 272 'Yellow',New Balance,2025-06-18 00:00:00.000,0,https://image.goat.com/attachments/product_template_pictures/images/110/622/792/original/00011_10000SIXN2Y.png.png,75,"{""36"": 2, ""37"": 6, ""38"": 16, ""39"": 6, ""40"": 3, ""41"": 17, ""42"": 10, ""43"": 12, ""44"": 3, ""45"": 0}"
117,Air Max Waffle Racer SP 'Electrolime Flash Crimson',Nike,2025-06-18 00:00:00.000,0,https://image.goat.com/attachments/product_template_pictures/images/110/638/862/original/IB3656_300.png.png,112,"{""36"": 0, ""37"": 18, ""38"": 19, ""39"": 1, ""40"": 12, ""41"": 5, ""42"": 20, ""43"": 20, ""44"": 1, ""45"": 16}"
118,Total 90 3 SP 'Rage Quit',Nike,2025-06-17 00:00:00.000,0,https://image.goat.com/attachments/product_template_pictures/images/110/638/896/original/IM7974_001.png.png,99,"{""36"": 4, ""37"": 15, ""38"": 8, ""39"": 4, ""40"": 5, ""41"": 20, ""42"": 17, ""43"": 6, ""44"": 12, ""45"": 8}"
119,Hermanos Koumori x UltraBoost 5.0 'Olive Strata',adidas,2025-06-17 00:00:00.000,0,https://image.goat.com/attachments/product_template_pictures/images/110/464/996/original/JQ5388.png.png,85,"{""36"": 3, ""37"": 19, ""38"": 19, ""39"": 12, ""40"": 0, ""41"": 2, ""42"": 13, ""43"": 2, ""44"": 5, ""45"": 10}"
120,Hermanos Koumori x UltraBoost 5.0 'Wonder Aluminum',adidas,2025-06-17 00:00:00.000,0,https://image.goat.com/attachments/product_template_pictures/images/110/464/995/original/JQ5387.png.png,92,"{""36"": 8, ""37"": 3, ""38"": 2, ""39"": 9, ""40"": 10, ""41"": 14, ""42"": 11, ""43"": 12, ""44"": 13, ""45"": 10}"
121,ABZORB 2000 'Still Water',New Balance,2025-06-14 00:00:00.000,0,https://image.goat.com/attachments/product_template_pictures/images/107/880/174/original/U2000PBB.png.png,88,"{""36"": 11, ""37"": 11, ""38"": 16, ""39"": 3, ""40"": 3, ""41"": 4, ""42"": 2, ""43"": 9, ""44"": 14, ""45"": 15}"
122,Nike Air Foamposite One Triple White,Nike,2025-06-13 00:00:00.000,0,https://image.goat.com/attachments/product_template_pictures/images/108/959/567/original/HJ5195_100.png.png,118,"{""36"": 0, ""37"": 9, ""38"": 8, ""39"": 17, ""40"": 6, ""41"": 7, ""42"": 19, ""43"": 19, ""44"": 20, ""45"": 13}"
123,Nike Ja 2 NRG Scratch Green Pink,Nike,2025-06-13 00:00:00.000,0,https://images.stockx.com/images/nike-ja-2-nrg-scratch-green-pink.jpg?fit=fill&bg=FFFFFF&w=500&h=500&fm=webp&auto=compress&q=90&dpr=2&trim=color&updated_at=1748893202,140,"{""36"": 16, ""37"": 17, ""38"": 11, ""39"": 19, ""40"": 12, ""41"": 12, ""42"": 6, ""43"": 16, ""44"": 14, ""45"": 17}"
124,Jordan Luka .77 Quai 54,Jordan,2025-06-13 00:00:00.000,0,https://image.goat.com/attachments/product_template_pictures/images/110/188/948/original/IB8835_007.png.png,61,"{""36"": 4, ""37"": 15, ""38"": 12, ""39"": 5, ""40"": 1, ""41"": 10, ""42"": 0, ""43"": 6, ""44"": 1, ""45"": 7}"
125,atmos x ZX 8000 'G-SNK 10 - Ura',adidas,2025-06-13 00:00:00.000,0,https://image.goat.com/attachments/product_template_pictures/images/109/824/914/original/JQ2580.png.png,104,"{""36"": 1, ""37"": 17, ""38"": 9, ""39"": 5, ""40"": 15, ""41"": 10, ""42"": 5, ""43"": 12, ""44"": 12, ""45"": 18}"
126,Jordan 1 Retro Low OG Quai 54 Black Tour Yellow Red,Jordan,2025-06-13 00:00:00.000,0,https://images.stockx.com/images/Air-Jordan-1-Retro-Low-OG-Quai-54-Black-Tour-Yellow-Red.jpg?fit=fill&bg=FFFFFF&w=500&h=500&fm=webp&auto=compress&q=90&dpr=2&trim=color&updated_at=1749025752,87,"{""36"": 11, ""37"": 10, ""38"": 11, ""39"": 10, ""40"": 0, ""41"": 16, ""42"": 2, ""43"": 11, ""44"": 9, ""45"": 7}"
127,Jordan Franchise Slide 'Quai 54',Air Jordan,2025-06-13 00:00:00.000,0,https://image.goat.com/attachments/product_template_pictures/images/110/638/817/original/HJ6694_700.png.png,121,"{""36"": 11, ""37"": 10, ""38"": 13, ""39"": 19, ""40"": 14, ""41"": 17, ""42"": 12, ""43"": 3, ""44"": 16, ""45"": 6}"
128,Nike Alpha Menace 4 Elite Saquon Barkley Metallic Silver,Nike,2025-06-13 00:00:00.000,0,https://image.goat.com/attachments/product_template_pictures/images/109/542/657/original/IF0112_001.png.png,96,"{""36"": 20, ""37"": 16, ""38"": 19, ""39"": 1, ""40"": 6, ""41"": 6, ""42"": 3, ""43"": 14, ""44"": 6, ""45"": 5}"
129,Jordan Flight Court Quai 54 Sail Tour Yellow,Jordan,2025-06-13 00:00:00.000,0,https://image.goat.com/attachments/product_template_pictures/images/108/777/186/original/IB8838_107.png.png,98,"{""36"": 15, ""37"": 3, ""38"": 10, ""39"": 14, ""40"": 9, ""41"": 13, ""42"": 6, ""43"": 9, ""44"": 13, ""45"": 6}"
130,Better Gift Shop x Air Max DN8 'Revenge',Nike,2025-06-13 00:00:00.000,0,https://image.goat.com/attachments/product_template_pictures/images/110/622/864/original/IB7455_012.png.png,117,"{""36"": 20, ""37"": 20, ""38"": 7, ""39"": 17, ""40"": 5, ""41"": 7, ""42"": 5, ""43"": 9, ""44"": 11, ""45"": 16}"
131,Jordan Luka 4 Quai 54,Jordan,2025-06-13 00:00:00.000,0,https://image.goat.com/attachments/product_template_pictures/images/110/167/597/original/HJ5196_700.png.png,92,"{""36"": 19, ""37"": 11, ""38"": 4, ""39"": 11, ""40"": 12, ""41"": 5, ""42"": 7, ""43"": 15, ""44"": 4, ""45"": 4}"
132,Scoot Zeros 2 'O.D.D. City',Puma,2025-06-13 00:00:00.000,0,https://image.goat.com/attachments/product_template_pictures/images/110/464/930/original/311348_01.png.png,102,"{""36"": 16, ""37"": 16, ""38"": 1, ""39"": 18, ""40"": 4, ""41"": 14, ""42"": 2, ""43"": 5, ""44"": 18, ""45"": 8}"
133,Phantom 6 Low Elite FG 'Chrome Black',Nike,2025-06-12 00:00:00.000,0,https://image.goat.com/attachments/product_template_pictures/images/110/512/605/original/IH3737_001.png.png,84,"{""36"": 9, ""37"": 14, ""38"": 4, ""39"": 14, ""40"": 0, ""41"": 12, ""42"": 16, ""43"": 3, ""44"": 2, ""45"": 10}"
134,Wmns Pegasus Premium 'Summit White Bright Crimson',Nike,2025-06-12 00:00:00.000,0,https://image.goat.com/attachments/product_template_pictures/images/107/987/498/original/HQ2593_101.png.png,138,"{""36"": 18, ""37"": 20, ""38"": 13, ""39"": 7, ""40"": 19, ""41"": 17, ""42"": 4, ""43"": 12, ""44"": 12, ""45"": 16}"
135,Phantom 6 High Elite AG 'Chrome Black',Nike,2025-06-12 00:00:00.000,0,https://image.goat.com/attachments/product_template_pictures/images/110/512/608/original/IH3985_001.png.png,85,"{""36"": 2, ""37"": 1, ""38"": 2, ""39"": 11, ""40"": 12, ""41"": 8, ""42"": 3, ""43"": 17, ""44"": 17, ""45"": 12}"
136,Inter Miami CF x Gazelle 'Third Kit',adidas,2025-06-12 00:00:00.000,0,https://image.goat.com/attachments/product_template_pictures/images/110/638/917/original/JR4178.png.png,111,"{""36"": 20, ""37"": 10, ""38"": 5, ""39"": 16, ""40"": 17, ""41"": 16, ""42"": 4, ""43"": 15, ""44"": 8, ""45"": 0}"
137,Nike Air Zoom Pegasus Premium Summit White Bright Crimson,Nike,2025-06-12 00:00:00.000,0,https://image.goat.com/attachments/product_template_pictures/images/108/537/311/original/HQ2592_101.png.png,102,"{""36"": 5, ""37"": 17, ""38"": 1, ""39"": 8, ""40"": 20, ""41"": 6, ""42"": 2, ""43"": 13, ""44"": 19, ""45"": 11}"
138,Phantom 6 Low Elite AG 'Chrome Black',Nike,2025-06-12 00:00:00.000,0,https://image.goat.com/attachments/product_template_pictures/images/110/512/607/original/IH3862_001.png.png,117,"{""36"": 12, ""37"": 20, ""38"": 8, ""39"": 14, ""40"": 2, ""41"": 11, ""42"": 8, ""43"": 7, ""44"": 16, ""45"": 19}"
139,Nike SB Dunk Low Red Stardust,Nike,2025-06-12 00:00:00.000,0,https://image.goat.com/attachments/product_template_pictures/images/108/777/164/original/HJ4135_600.png.png,87,"{""36"": 8, ""37"": 15, ""38"": 8, ""39"": 8, ""40"": 14, ""41"": 2, ""42"": 2, ""43"": 10, ""44"": 0, ""45"": 20}"
140,Phantom 6 High Elite FG 'Chrome Black',Nike,2025-06-12 00:00:00.000,0,https://image.goat.com/attachments/product_template_pictures/images/110/512/604/original/IH3735_001.png.png,88,"{""36"": 8, ""37"": 4, ""38"": 19, ""39"": 3, ""40"": 11, ""41"": 20, ""42"": 1, ""43"": 0, ""44"": 9, ""45"": 13}"
141,Nike Air Flightposite Sail Black,Nike,2025-06-12 00:00:00.000,0,https://images.stockx.com/images/nike-air-flightposite-sail-black.jpg?fit=fill&bg=FFFFFF&w=500&h=500&fm=webp&auto=compress&q=90&dpr=2&trim=color&updated_at=1748893260,117,"{""36"": 3, ""37"": 14, ""38"": 20, ""39"": 14, ""40"": 3, ""41"": 12, ""42"": 16, ""43"": 8, ""44"": 16, ""45"": 11}"
142,Air Flightposite 'Dusty Cactus',Nike,2025-06-12 00:00:00.000,0,,95,"{""36"": 18, ""37"": 8, ""38"": 12, ""39"": 19, ""40"": 1, ""41"": 4, ""42"": 4, ""43"": 8, ""44"": 4, ""45"": 17}"
143,JJJJound x Gel Kayano 14 'White Baby Blue',ASICS,2025-06-12 00:00:00.000,0,https://image.goat.com/attachments/product_template_pictures/images/110/464/912/original/00007_10000JXGK1S.png.png,84,"{""36"": 14, ""37"": 6, ""38"": 12, ""39"": 13, ""40"": 6, ""41"": 6, ""42"": 13, ""43"": 1, ""44"": 10, ""45"": 3}"
144,Teddy Santis x 990v6 Made in USA 'Inkwell',New Balance,2025-06-12 00:00:00.000,0,https://image.goat.com/attachments/product_template_pictures/images/110/285/835/original/U990IA6.png.png,120,"{""36"": 1, ""37"": 20, ""38"": 17, ""39"": 7, ""40"": 5, ""41"": 9, ""42"": 11, ""43"": 19, ""44"": 20, ""45"": 11}"
145,JJJJound x Gel Kayano 14 'White Midnight Navy',ASICS,2025-06-12 00:00:00.000,0,https://image.goat.com/attachments/product_template_pictures/images/110/464/913/original/00007_10000JXGK1SY.png.png,141,"{""36"": 15, ""37"": 16, ""38"": 10, ""39"": 13, ""40"": 17, ""41"": 16, ""42"": 17, ""43"": 8, ""44"": 20, ""45"": 9}"
146,Salehe Bembury x Realtree x Pollex Clog 'Edge Camo',Crocs,2025-06-12 00:00:00.000,0,https://image.goat.com/attachments/product_template_pictures/images/089/122/201/original/207393_90H.png.png,74,"{""36"": 4, ""37"": 0, ""38"": 16, ""39"": 15, ""40"": 15, ""41"": 0, ""42"": 6, ""43"": 1, ""44"": 11, ""45"": 6}"
147,740v2 'Cyber Jade',New Balance,2025-06-11 00:00:00.000,0,https://image.goat.com/attachments/product_template_pictures/images/110/600/004/original/1622191_00.png.png,126,"{""36"": 17, ""37"": 16, ""38"": 18, ""39"": 20, ""40"": 2, ""41"": 19, ""42"": 4, ""43"": 13, ""44"": 2, ""45"": 15}"
148,Shmoofoil 'Black Shadow Red',adidas,2025-06-11 00:00:00.000,0,,91,"{""36"": 14, ""37"": 19, ""38"": 16, ""39"": 4, ""40"": 20, ""41"": 2, ""42"": 7, ""43"": 4, ""44"": 5, ""45"": 0}"
149,Jordan 14 Retro Ferrari (2025),Jordan,2025-06-11 00:00:00.000,0,https://image.goat.com/attachments/product_template_pictures/images/108/941/899/original/1488076_00.png.png,83,"{""36"": 0, ""37"": 10, ""38"": 17, ""39"": 2, ""40"": 5, ""41"": 20, ""42"": 7, ""43"": 1, ""44"": 8, ""45"": 13}"
150,SL72 RS 'Magic Beige Pure Ruby',adidas,2025-06-11 00:00:00.000,0,,82,"{""36"": 2, ""37"": 14, ""38"": 17, ""39"": 1, ""40"": 6, ""41"": 0, ""42"": 4, ""43"": 16, ""44"": 15, ""45"": 7}"
151,Nike Zoom Air Vapor Pro 1 CeeDee Lamb Sequoia,Nike,2025-06-11 00:00:00.000,0,https://image.goat.com/attachments/product_template_pictures/images/110/118/929/original/IF0108_300.png.png,81,"{""36"": 6, ""37"": 1, ""38"": 9, ""39"": 14, ""40"": 5, ""41"": 9, ""42"": 15, ""43"": 3, ""44"": 12, ""45"": 7}"
152,Jordan 14 Retro Ferrari (2025) (GS),Jordan,2025-06-11 00:00:00.000,0,https://images.stockx.com/images/air-jordan-14-retro-ferrari-2025-gs.jpg?fit=fill&bg=FFFFFF&w=500&h=500&fm=webp&auto=compress&q=90&dpr=2&trim=color&updated_at=1748893289,101,"{""36"": 0, ""37"": 18, ""38"": 3, ""39"": 10, ""40"": 15, ""41"": 8, ""42"": 12, ""43"": 15, ""44"": 20, ""45"": 0}"
153,NorBlack NorWhite x Wmns Motiva 'Artist Collection',Nike,2025-06-11 00:00:00.000,0,,121,"{""36"": 16, ""37"": 1, ""38"": 10, ""39"": 20, ""40"": 15, ""41"": 10, ""42"": 11, ""43"": 16, ""44"": 15, ""45"": 7}"
154,Crazy 2 'Silver Metallic Onix',adidas,2025-06-11 00:00:00.000,0,https://image.goat.com/attachments/product_template_pictures/images/107/828/239/original/JH9679.png.png,118,"{""36"": 12, ""37"": 19, ""38"": 20, ""39"": 0, ""40"": 4, ""41"": 10, ""42"": 13, ""43"": 19, ""44"": 2, ""45"": 19}"
155,NorBlack NorWhite x Wmns Calm Slide 'Artist Collection',Nike,2025-06-11 00:00:00.000,0,,103,"{""36"": 20, ""37"": 13, ""38"": 3, ""39"": 10, ""40"": 19, ""41"": 12, ""42"": 0, ""43"": 5, ""44"": 19, ""45"": 2}"
156,FC Bayern x Samba 'Home Kit',adidas,2025-06-10 00:00:00.000,0,https://image.goat.com/attachments/product_template_pictures/images/109/920/095/original/JQ4039.png.png,81,"{""36"": 8, ""37"": 3, ""38"": 12, ""39"": 1, ""40"": 4, ""41"": 17, ""42"": 1, ""43"": 19, ""44"": 9, ""45"": 7}"
157,Pokmon x Classic Clog Toddler 'Pokmon Starters',Crocs,2025-06-10 00:00:00.000,0,https://image.goat.com/attachments/product_template_pictures/images/110/622/820/original/211345_90H.png.png,90,"{""36"": 11, ""37"": 8, ""38"": 8, ""39"": 6, ""40"": 13, ""41"": 5, ""42"": 12, ""43"": 10, ""44"": 0, ""45"": 17}"
158,Runfalcon 5 C 'Bright Royal',adidas,2025-06-10 00:00:00.000,0,,83,"{""36"": 16, ""37"": 13, ""38"": 15, ""39"": 7, ""40"": 7, ""41"": 2, ""42"": 4, ""43"": 9, ""44"": 3, ""45"": 7}"
159,Galaxy OG 'Gold Metallic Red',adidas,2025-06-10 00:00:00.000,0,,112,"{""36"": 6, ""37"": 18, ""38"": 16, ""39"": 14, ""40"": 12, ""41"": 18, ""42"": 1, ""43"": 1, ""44"": 13, ""45"": 13}"
160,Pokemon x Classic Clog 'Charizard vs. Blastoise',Crocs,2025-06-10 00:00:00.000,0,https://image.goat.com/attachments/product_template_pictures/images/109/968/247/original/211346_90H.png.png,107,"{""36"": 3, ""37"": 2, ""38"": 17, ""39"": 8, ""40"": 15, ""41"": 12, ""42"": 17, ""43"": 2, ""44"": 16, ""45"": 15}"
161,Runfalcon 5 C 'Powder Plum',adidas,2025-06-10 00:00:00.000,0,,115,"{""36"": 5, ""37"": 15, ""38"": 4, ""39"": 20, ""40"": 18, ""41"": 20, ""42"": 15, ""43"": 11, ""44"": 6, ""45"": 1}"
162,Runfalcon 5 I 'Mint Ton',adidas,2025-06-10 00:00:00.000,0,,76,"{""36"": 5, ""37"": 12, ""38"": 7, ""39"": 20, ""40"": 0, ""41"": 10, ""42"": 11, ""43"": 1, ""44"": 6, ""45"": 4}"
163,Pokmon x Wmns Classic Platform Clog 'Eevee',Crocs,2025-06-10 00:00:00.000,0,https://image.goat.com/attachments/product_template_pictures/images/110/592/587/original/211429_90H.png.png,83,"{""36"": 1, ""37"": 4, ""38"": 6, ""39"": 12, ""40"": 7, ""41"": 3, ""42"": 14, ""43"": 12, ""44"": 11, ""45"": 13}"
164,Runfalcon 5 C 'Mint Ton',adidas,2025-06-10 00:00:00.000,0,,88,"{""36"": 16, ""37"": 7, ""38"": 13, ""39"": 3, ""40"": 15, ""41"": 0, ""42"": 12, ""43"": 0, ""44"": 2, ""45"": 20}"
165,Pokmon x Classic Clog 'Pokmon Starters',Crocs,2025-06-10 00:00:00.000,0,https://image.goat.com/attachments/product_template_pictures/images/110/310/721/original/211343_90H.png.png,112,"{""36"": 0, ""37"": 16, ""38"": 13, ""39"": 18, ""40"": 11, ""41"": 4, ""42"": 3, ""43"": 16, ""44"": 14, ""45"": 17}"
166,Tyshawn Mid 'White Black',adidas,2025-06-10 00:00:00.000,0,,95,"{""36"": 10, ""37"": 5, ""38"": 1, ""39"": 9, ""40"": 10, ""41"": 20, ""42"": 0, ""43"": 19, ""44"": 5, ""45"": 16}"
167,Pokmon x Classic Clog Kids 'Pikachu',Crocs,2025-06-10 00:00:00.000,0,https://image.goat.com/attachments/product_template_pictures/images/110/310/720/original/211229_90H.png.png,104,"{""36"": 6, ""37"": 2, ""38"": 8, ""39"": 20, ""40"": 15, ""41"": 9, ""42"": 15, ""43"": 4, ""44"": 11, ""45"": 14}"
168,Tyshawn Low 'Black White',adidas,2025-06-10 00:00:00.000,0,,145,"{""36"": 8, ""37"": 6, ""38"": 19, ""39"": 12, ""40"": 19, ""41"": 15, ""42"": 19, ""43"": 13, ""44"": 17, ""45"": 17}"
169,Every Now & Then x Fresh Foam X RCVRY 'Everydays',New Balance,2025-06-10 00:00:00.000,0,https://image.goat.com/attachments/product_template_pictures/images/110/603/622/original/RCVRYEEN.png,113,"{""36"": 2, ""37"": 15, ""38"": 7, ""39"": 19, ""40"": 18, ""41"": 9, ""42"": 7, ""43"": 20, ""44"": 10, ""45"": 6}"
170,Manors x OG Pump Golf 'Navy Chalk',Reebok,2025-06-10 00:00:00.000,0,,66,"{""36"": 16, ""37"": 8, ""38"": 6, ""39"": 2, ""40"": 6, ""41"": 2, ""42"": 12, ""43"": 6, ""44"": 4, ""45"": 4}"
171,Pokmon x Classic Clog Kids 'Pokmon Starters',Crocs,2025-06-10 00:00:00.000,0,https://image.goat.com/attachments/product_template_pictures/images/110/622/818/original/211344_90H.png.png,103,"{""36"": 5, ""37"": 12, ""38"": 10, ""39"": 8, ""40"": 9, ""41"": 8, ""42"": 17, ""43"": 13, ""44"": 16, ""45"": 5}"
172,OPEN YY x H-Street OG 'Blue',Puma,2025-06-10 00:00:00.000,0,https://image.goat.com/attachments/product_template_pictures/images/110/512/543/original/405046_03.png.png,84,"{""36"": 2, ""37"": 4, ""38"": 7, ""39"": 11, ""40"": 12, ""41"": 10, ""42"": 4, ""43"": 10, ""44"": 20, ""45"": 4}"
173,OPEN YY x H-Street OG 'Beige',Puma,2025-06-10 00:00:00.000,0,https://image.goat.com/attachments/product_template_pictures/images/110/512/542/original/405046_02.png.png,121,"{""36"": 6, ""37"": 1, ""38"": 14, ""39"": 17, ""40"": 13, ""41"": 12, ""42"": 17, ""43"": 20, ""44"": 4, ""45"": 17}"
174,Runfalcon 5 I 'Powder Plum',adidas,2025-06-10 00:00:00.000,0,,95,"{""36"": 0, ""37"": 12, ""38"": 10, ""39"": 15, ""40"": 17, ""41"": 5, ""42"": 12, ""43"": 12, ""44"": 5, ""45"": 7}"
175,Manors x Club C Revenge Vintage 'Chalk Red',Reebok,2025-06-10 00:00:00.000,0,https://image.goat.com/attachments/product_template_pictures/images/110/638/764/original/100239158.png.png,87,"{""36"": 1, ""37"": 5, ""38"": 9, ""39"": 2, ""40"": 20, ""41"": 20, ""42"": 7, ""43"": 16, ""44"": 7, ""45"": 0}"
176,Manors x Club C Revenge Vintage 'Chalk Navy',Reebok,2025-06-10 00:00:00.000,0,https://image.goat.com/attachments/product_template_pictures/images/110/638/763/original/100239157.png.png,95,"{""36"": 5, ""37"": 0, ""38"": 15, ""39"": 19, ""40"": 8, ""41"": 7, ""42"": 6, ""43"": 7, ""44"": 18, ""45"": 10}"
177,OPEN YY x H-Street OG 'White',Puma,2025-06-10 00:00:00.000,0,https://image.goat.com/attachments/product_template_pictures/images/110/512/541/original/405046_01.png.png,107,"{""36"": 2, ""37"": 15, ""38"": 12, ""39"": 12, ""40"": 20, ""41"": 18, ""42"": 18, ""43"": 3, ""44"": 4, ""45"": 3}"
178,Zinedine Zidane x Predator Precision FG 'World Player',adidas,2025-06-10 00:00:00.000,0,,79,"{""36"": 7, ""37"": 1, ""38"": 11, ""39"": 9, ""40"": 13, ""41"": 0, ""42"": 10, ""43"": 13, ""44"": 4, ""45"": 11}"
179,Runfalcon 5 I 'Bright Royal',adidas,2025-06-10 00:00:00.000,0,,108,"{""36"": 20, ""37"": 8, ""38"": 16, ""39"": 12, ""40"": 14, ""41"": 14, ""42"": 10, ""43"": 5, ""44"": 9, ""45"": 0}"
180,Air Zoom GT Cut 3 Turbo 'South Beach',Nike,2025-06-09 00:00:00.000,0,https://image.goat.com/attachments/product_template_pictures/images/110/512/596/original/HV9918_900.png.png,108,"{""36"": 13, ""37"": 15, ""38"": 16, ""39"": 8, ""40"": 3, ""41"": 2, ""42"": 20, ""43"": 14, ""44"": 9, ""45"": 8}"
181,Campus 00s 'Medium Dark Khaki',adidas,2025-06-09 00:00:00.000,0,,99,"{""36"": 7, ""37"": 2, ""38"": 20, ""39"": 0, ""40"": 1, ""41"": 17, ""42"": 17, ""43"": 18, ""44"": 14, ""45"": 3}"
182,Kith x Gel Nimbus 10.1 'White Pure Silver',ASICS,2025-06-09 00:00:00.000,0,https://image.goat.com/attachments/product_template_pictures/images/110/518/864/original/1203A844_100.png.png,105,"{""36"": 15, ""37"": 16, ""38"": 18, ""39"": 0, ""40"": 8, ""41"": 7, ""42"": 5, ""43"": 19, ""44"": 11, ""45"": 6}"
183,Campus 00s 'Trefoil - Grey White Gum',adidas,2025-06-09 00:00:00.000,0,,130,"{""36"": 17, ""37"": 8, ""38"": 12, ""39"": 10, ""40"": 13, ""41"": 18, ""42"": 6, ""43"": 20, ""44"": 7, ""45"": 19}"
184,Kith x Jog 100S 'Espresso Vanilla Ice',ASICS,2025-06-09 00:00:00.000,0,https://image.goat.com/attachments/product_template_pictures/images/110/518/869/original/1203A848_200.png.png,91,"{""36"": 10, ""37"": 6, ""38"": 3, ""39"": 13, ""40"": 12, ""41"": 13, ""42"": 8, ""43"": 20, ""44"": 1, ""45"": 5}"
185,Campus 00s 'Trefoil - Black White Gum',adidas,2025-06-09 00:00:00.000,0,,95,"{""36"": 8, ""37"": 19, ""38"": 0, ""39"": 10, ""40"": 4, ""41"": 6, ""42"": 19, ""43"": 1, ""44"": 12, ""45"": 16}"
186,Kith x Gel Kayano 12.1 'Tornado Pure Silver',ASICS,2025-06-09 00:00:00.000,0,https://image.goat.com/attachments/product_template_pictures/images/110/518/870/original/1203A930_020.png.png,88,"{""36"": 2, ""37"": 11, ""38"": 18, ""39"": 9, ""40"": 15, ""41"": 6, ""42"": 6, ""43"": 6, ""44"": 4, ""45"": 11}"
187,Air Zoom GT Cut 3 Turbo 'White Metallic Silver',Nike,2025-06-09 00:00:00.000,0,https://image.goat.com/attachments/product_template_pictures/images/109/542/645/original/HV9918_101.png.png,109,"{""36"": 12, ""37"": 3, ""38"": 4, ""39"": 14, ""40"": 15, ""41"": 8, ""42"": 8, ""43"": 13, ""44"": 16, ""45"": 16}"
188,Kith x Gel Nunobiki 'Delicioso Pure Silver',ASICS,2025-06-09 00:00:00.000,0,https://image.goat.com/attachments/product_template_pictures/images/110/518/866/original/1203A845_200.png.png,133,"{""36"": 17, ""37"": 17, ""38"": 16, ""39"": 9, ""40"": 8, ""41"": 13, ""42"": 1, ""43"": 18, ""44"": 14, ""45"": 20}"
189,Campus 00s 'Cream Gum Black',adidas,2025-06-09 00:00:00.000,0,,92,"{""36"": 8, ""37"": 12, ""38"": 4, ""39"": 11, ""40"": 18, ""41"": 6, ""42"": 8, ""43"": 0, ""44"": 14, ""45"": 11}"
190,Tiago Lemos x Numeric 808 Lite 'Black White',New Balance,2025-06-09 00:00:00.000,0,https://image.goat.com/attachments/product_template_pictures/images/110/592/694/original/NM808LBG.png.png,107,"{""36"": 7, ""37"": 10, ""38"": 20, ""39"": 17, ""40"": 18, ""41"": 6, ""42"": 12, ""43"": 0, ""44"": 13, ""45"": 4}"
191,Campus 00s 'Black Cream Gum',adidas,2025-06-09 00:00:00.000,0,,130,"{""36"": 17, ""37"": 3, ""38"": 6, ""39"": 11, ""40"": 20, ""41"": 20, ""42"": 18, ""43"": 10, ""44"": 17, ""45"": 8}"
192,Kith x Gel Kayano 12.1 'Peat Cream',ASICS,2025-06-09 00:00:00.000,0,https://image.goat.com/attachments/product_template_pictures/images/110/518/868/original/1203A846_020.png.png,84,"{""36"": 0, ""37"": 15, ""38"": 10, ""39"": 4, ""40"": 14, ""41"": 18, ""42"": 8, ""43"": 6, ""44"": 6, ""45"": 3}"
193,Campus 00s 'Woven Earth Strata',adidas,2025-06-09 00:00:00.000,0,,96,"{""36"": 12, ""37"": 1, ""38"": 6, ""39"": 7, ""40"": 11, ""41"": 13, ""42"": 9, ""43"": 7, ""44"": 16, ""45"": 14}"
194,Nike Air Zoom GT Cut 3 Turbo White Metallic Silver,Nike,2025-06-09 00:00:00.000,0,https://images.stockx.com/images/Nike-Air-Zoom-GT-Cut-3-Turbo-White-Metallic-Silver.jpg?fit=fill&bg=FFFFFF&w=500&h=500&fm=webp&auto=compress&q=90&dpr=2&trim=color&updated_at=1746695549,84,"{""36"": 4, ""37"": 3, ""38"": 6, ""39"": 0, ""40"": 13, ""41"": 9, ""42"": 5, ""43"": 14, ""44"": 13, ""45"": 17}"
195,Tiago Lemos x Numeric 808 Lite 'Tan Black',New Balance,2025-06-09 00:00:00.000,0,https://image.goat.com/attachments/product_template_pictures/images/110/592/693/original/NM808LBB.png.png,97,"{""36"": 6, ""37"": 0, ""38"": 9, ""39"": 8, ""40"": 9, ""41"": 18, ""42"": 3, ""43"": 17, ""44"": 16, ""45"": 11}"
196,Campus 00s 'Taupe Oxide',adidas,2025-06-09 00:00:00.000,0,,80,"{""36"": 4, ""37"": 2, ""38"": 4, ""39"": 18, ""40"": 12, ""41"": 13, ""42"": 1, ""43"": 0, ""44"": 9, ""45"": 17}"
197,Air Zoom GT Cut 3 Turbo 'Honeydew',Nike,2025-06-09 00:00:00.000,0,https://image.goat.com/attachments/product_template_pictures/images/110/592/610/original/HV9918_300.png.png,90,"{""36"": 11, ""37"": 14, ""38"": 13, ""39"": 7, ""40"": 2, ""41"": 11, ""42"": 8, ""43"": 17, ""44"": 6, ""45"": 1}"
198,Kith x Gel Nimbus 10.1 'Black Pure Silver',ASICS,2025-06-09 00:00:00.000,0,https://image.goat.com/attachments/product_template_pictures/images/110/518/863/original/1203A844_001.png.png,122,"{""36"": 15, ""37"": 9, ""38"": 15, ""39"": 19, ""40"": 7, ""41"": 6, ""42"": 5, ""43"": 16, ""44"": 14, ""45"": 16}"
199,Air Zoom Vapor Pro 1 'White Midnight Navy',Nike,2025-06-08 00:00:00.000,0,,138,"{""36"": 9, ""37"": 13, ""38"": 15, ""39"": 17, ""40"": 9, ""41"": 8, ""42"": 17, ""43"": 19, ""44"": 17, ""45"": 14}"
200,Air Zoom Vapor Pro 1 'White Court Purple',Nike,2025-06-08 00:00:00.000,0,,109,"{""36"": 15, ""37"": 13, ""38"": 5, ""39"": 17, ""40"": 10, ""41"": 9, ""42"": 17, ""43"": 20, ""44"": 2, ""45"": 1}"
201,Air Zoom Vapor Pro 1 'Black Metallic Gold',Nike,2025-06-08 00:00:00.000,0,,95,"{""36"": 14, ""37"": 12, ""38"": 14, ""39"": 1, ""40"": 14, ""41"": 5, ""42"": 14, ""43"": 6, ""44"": 14, ""45"": 1}"
202,A Ma Manire x Air Jordan 5 Retro OG 'Violet Ore',Air Jordan,2025-06-07 00:00:00.000,0,https://image.goat.com/attachments/product_template_pictures/images/109/922/456/original/1585222_00.png.png,104,"{""36"": 16, ""37"": 19, ""38"": 6, ""39"": 17, ""40"": 9, ""41"": 2, ""42"": 2, ""43"": 18, ""44"": 15, ""45"": 0}"
203,Jordan 11 Retro Low Igloo (Women's),Jordan,2025-06-07 00:00:00.000,0,https://images.stockx.com/images/air-jordan-11-retro-low-igloo-womens.jpg?fit=fill&bg=FFFFFF&w=500&h=500&fm=webp&auto=compress&q=90&dpr=2&trim=color&updated_at=1748893305,115,"{""36"": 0, ""37"": 20, ""38"": 11, ""39"": 16, ""40"": 14, ""41"": 10, ""42"": 7, ""43"": 19, ""44"": 4, ""45"": 14}"
204,Morelia 2 Japan 'Ruby Red Pack',Mizuno,2025-06-07 00:00:00.000,0,,109,"{""36"": 1, ""37"": 13, ""38"": 14, ""39"": 15, ""40"": 6, ""41"": 12, ""42"": 17, ""43"": 11, ""44"": 5, ""45"": 15}"
205,Fear of God Athletics x II BASKETBALL 'Ash Pearl',adidas,2025-06-07 00:00:00.000,0,https://image.goat.com/attachments/product_template_pictures/images/110/016/641/original/JS0978.png.png,114,"{""36"": 14, ""37"": 17, ""38"": 19, ""39"": 6, ""40"": 3, ""41"": 12, ""42"": 4, ""43"": 12, ""44"": 7, ""45"": 20}"
206,Fear of God Athletics x II BASKETBALL High 'Ash Pearl',adidas,2025-06-07 00:00:00.000,0,https://image.goat.com/attachments/product_template_pictures/images/110/016/639/original/JQ8484.png.png,89,"{""36"": 3, ""37"": 12, ""38"": 0, ""39"": 4, ""40"": 8, ""41"": 14, ""42"": 7, ""43"": 16, ""44"": 11, ""45"": 14}"
207,Air Jordan 11 Retro Low TD 'Igloo',Jordan,2025-06-07 00:00:00.000,0,https://image.goat.com/attachments/product_template_pictures/images/110/310/840/original/645107_103.png.png,110,"{""36"": 12, ""37"": 6, ""38"": 17, ""39"": 19, ""40"": 14, ""41"": 7, ""42"": 9, ""43"": 7, ""44"": 0, ""45"": 19}"
208,Little Tokyo Table Tennis x Gel Nimbus 10.1 'Yellow Black',ASICS,2025-06-07 00:00:00.000,0,,109,"{""36"": 17, ""37"": 7, ""38"": 13, ""39"": 1, ""40"": 10, ""41"": 4, ""42"": 18, ""43"": 16, ""44"": 18, ""45"": 5}"
209,Aries x Mostro Mid 'Black Chocolate',Puma,2025-06-07 00:00:00.000,0,https://image.goat.com/attachments/product_template_pictures/images/110/439/761/original/401192_01.png.png,103,"{""36"": 8, ""37"": 18, ""38"": 3, ""39"": 11, ""40"": 15, ""41"": 14, ""42"": 6, ""43"": 5, ""44"": 13, ""45"": 10}"
210,ACS+ OG 'Alloy Black' Beams Exclusive,Salomon,2025-06-07 00:00:00.000,0,,129,"{""36"": 19, ""37"": 18, ""38"": 17, ""39"": 8, ""40"": 19, ""41"": 7, ""42"": 11, ""43"": 9, ""44"": 10, ""45"": 11}"
211,Air Jordan 11 Retro Low PS 'Igloo',Jordan,2025-06-07 00:00:00.000,0,https://image.goat.com/attachments/product_template_pictures/images/110/310/836/original/580522_103.png.png,127,"{""36"": 11, ""37"": 18, ""38"": 2, ""39"": 10, ""40"": 10, ""41"": 15, ""42"": 11, ""43"": 10, ""44"": 20, ""45"": 20}"
212,Wmns SL72 OG 'Black Off White Gum',adidas,2025-06-06 00:00:00.000,0,,127,"{""36"": 20, ""37"": 18, ""38"": 20, ""39"": 10, ""40"": 4, ""41"": 10, ""42"": 9, ""43"": 4, ""44"": 14, ""45"": 18}"
213,Nike Air Max 270 Boston Red Sox,Nike,2025-06-06 00:00:00.000,0,https://image.goat.com/attachments/product_template_pictures/images/110/167/606/original/HQ7998_100.png.png,131,"{""36"": 19, ""37"": 10, ""38"": 15, ""39"": 15, ""40"": 7, ""41"": 8, ""42"": 6, ""43"": 16, ""44"": 19, ""45"": 16}"
214,Samba OG Comfort Closure EL I 'White Ash Blue Gum',adidas,2025-06-06 00:00:00.000,0,,139,"{""36"": 19, ""37"": 15, ""38"": 13, ""39"": 19, ""40"": 15, ""41"": 5, ""42"": 19, ""43"": 1, ""44"": 19, ""45"": 14}"
215,Samba OG J 'Wonder White Shadow Red',adidas,2025-06-06 00:00:00.000,0,,104,"{""36"": 12, ""37"": 12, ""38"": 6, ""39"": 20, ""40"": 16, ""41"": 16, ""42"": 3, ""43"": 2, ""44"": 14, ""45"": 3}"
216,UltraBoost Cleat 'Talc Clear Granite',adidas,2025-06-06 00:00:00.000,0,,125,"{""36"": 12, ""37"": 18, ""38"": 5, ""39"": 14, ""40"": 9, ""41"": 17, ""42"": 17, ""43"": 5, ""44"": 19, ""45"": 9}"
217,Pro Model 'White Black' 2025,adidas,2025-06-06 00:00:00.000,0,,107,"{""36"": 3, ""37"": 2, ""38"": 7, ""39"": 13, ""40"": 19, ""41"": 12, ""42"": 14, ""43"": 12, ""44"": 14, ""45"": 11}"
218,Liberty London x Wmns AdiFOM Megajane 'Kazusa Pattern',adidas,2025-06-06 00:00:00.000,0,,79,"{""36"": 5, ""37"": 3, ""38"": 4, ""39"": 14, ""40"": 7, ""41"": 11, ""42"": 16, ""43"": 6, ""44"": 2, ""45"": 11}"
219,Gazelle Bold J 'Silver Violet Pink',adidas,2025-06-06 00:00:00.000,0,,116,"{""36"": 3, ""37"": 0, ""38"": 19, ""39"": 13, ""40"": 6, ""41"": 17, ""42"": 20, ""43"": 19, ""44"": 18, ""45"": 1}"
220,Nike Air Max 270 Chicago White Sox,Nike,2025-06-06 00:00:00.000,0,https://image.goat.com/attachments/product_template_pictures/images/110/167/613/original/HQ8004_600.png.png,137,"{""36"": 18, ""37"": 15, ""38"": 6, ""39"": 14, ""40"": 20, ""41"": 11, ""42"": 13, ""43"": 19, ""44"": 19, ""45"": 2}"
